BB_TICKER_CD,GICS_INDUSTRY_CD,GICS_INDUSTRY_LVL1_NM,GICS_INDUSTRY_LVL2_NM,GICS_INDUSTRY_LVL3_NM,GICS_INDUSTRY_LVL4_NM,EXCHANGE_CD,ISIN_CD,PRMRY_SECURITY_IDENTIFIER_TYPE,PBD_BENCHMARK_HOLDING_PCT
TPR US,25203010,Consumer Discretionary,Consumer Durables & Apparel,"Textiles, Apparel & Luxury Goods","Apparel, Accessories & Luxury Goods",NYSE,US8760301072,ISIN,0.03147921
AKAM US,45102030,Information Technology,Software & Services,IT Services,Internet Services & Infrastructure,NASDAQ,US00971T1016,ISIN,0.04184701
AFL US,40301020,Financials,Insurance,Insurance,Life & Health Insurance,NYSE,US0010551028,ISIN,0.12273113
PEAK US,60101050,Real Estate,Real Estate,Equity Real Estate Investment Trusts (REITs),Health Care REITs,NYSE,US42250P1030,ISIN,0.04348986
SCHW US,40203020,Financials,Diversified Financials,Capital Markets,Investment Banking & Brokerage,NYSE,US8085131055,ISIN,0.38131565
HUM US,35102030,Health Care,Health Care Equipment & Services,Health Care Providers & Services,Managed Health Care,NYSE,US4448591028,ISIN,0.18592131
EL US,30302010,Consumer Staples,Household & Personal Products,Personal Products,Personal Products,NYSE,US5184391044,ISIN,0.18492153
VRSN US,45102030,Information Technology,Software & Services,IT Services,Internet Services & Infrastructure,NASDAQ,US92343E1029,ISIN,0.05923376
HSY US,30202030,Consumer Staples,"Food, Beverage & Tobacco",Food Products,Packaged Foods & Meats,NYSE,US4278661081,ISIN,0.09952528
AAL US,20302010,Industrials,Transportation,Airlines,Airlines,NASDAQ,,CUSIP,0.03323739
NKE US,25203020,Consumer Discretionary,Consumer Durables & Apparel,"Textiles, Apparel & Luxury Goods",Footwear,NYSE,US6541061031,ISIN,0.48332535
PCG US,55101010,Utilities,Utilities,Electric Utilities,Electric Utilities,NYSE,US69331C1080,ISIN,0.07650761
JCI US,20102010,Industrials,Capital Goods,Building Products,Building Products,NYSE,IE00BY7QL619,ISIN,0.13975245
ZBRA US,45203010,Information Technology,Technology Hardware & Equipment,"Electronic Equipment, Instruments & Components",Electronic Equipment & Instruments,NASDAQ,US9892071054,ISIN,0.04538585
KHC US,30202030,Consumer Staples,"Food, Beverage & Tobacco",Food Products,Packaged Foods & Meats,NASDAQ,,CUSIP,0.1009171
STZ US,30201020,Consumer Staples,"Food, Beverage & Tobacco",Beverages,Distillers & Vintners,NYSE,US21036P1084,ISIN,0.10877075
VRTX US,35201010,Health Care,"Pharmaceuticals, Biotechnology & Life Sciences",Biotechnology,Biotechnology,NASDAQ,US92532F1003,ISIN,0.239789
OTIS US,20106020,Industrials,Capital Goods,Machinery,Industrial Machinery,NYSE,US68902V1070,ISIN,0.10350706
ORLY US,25504050,Consumer Discretionary,Retailing,Specialty Retail,Automotive Retail,NASDAQ,US67103H1077,ISIN,0.15172085
EXPE US,25301020,Consumer Discretionary,Consumer Services,"Hotels, Restaurants & Leisure","Hotels, Resorts & Cruise Lines",NASDAQ,US30212P3038,ISIN,0.04803692
EXPD US,20301010,Industrials,Transportation,Air Freight & Logistics,Air Freight & Logistics,NASDAQ,US3021301094,ISIN,0.05146646
FMC US,15101030,Materials,Materials,Chemicals,Fertilizers & Agricultural Chemicals,NYSE,US3024913036,ISIN,0.04851628
FAST US,20107010,Industrials,Capital Goods,Trading Companies & Distributors,Trading Companies & Distributors,NASDAQ,US3119001044,ISIN,0.08269738
CME US,40203040,Financials,Diversified Financials,Capital Markets,Financial Exchanges & Data,NASDAQ,US12572Q1058,ISIN,0.18956165
SEE US,15103020,Materials,Materials,Containers & Packaging,Paper Packaging,NYSE,US81211K1007,ISIN,0.02336823
MTB US,40101015,Financials,Banks,Banks,Regional Banks,NYSE,US55261F1049,ISIN,0.07780675
QRVO US,45301020,Information Technology,Semiconductors & Semiconductor Equipment,Semiconductors & Semiconductor Equipment,Semiconductors,NASDAQ,US74736K1016,ISIN,0.03074422
TAP US,30201010,Consumer Staples,"Food, Beverage & Tobacco",Beverages,Brewers,NYSE,US60871R2094,ISIN,0.02835985
NOW US,45103020,Information Technology,Software & Services,Software,Systems Software,NYSE,US81762P1021,ISIN,0.25296987
CPB US,30202030,Consumer Staples,"Food, Beverage & Tobacco",Food Products,Packaged Foods & Meats,NYSE,US1344291091,ISIN,0.03287056
GE US,20105010,Industrials,Capital Goods,Industrial Conglomerates,Industrial Conglomerates,NYSE,,CUSIP,0.26334314
CHTR US,50201030,Communication Services,Media & Entertainment,Media,Cable & Satellite,NASDAQ,US16119P1084,ISIN,0.12490355
PG US,30301010,Consumer Staples,Household & Personal Products,Household Products,Household Products,NYSE,US7427181091,ISIN,1.0674525
TXT US,20101010,Industrials,Capital Goods,Aerospace & Defense,Aerospace & Defense,NYSE,US8832031012,ISIN,0.04337069
TSN US,30202030,Consumer Staples,"Food, Beverage & Tobacco",Food Products,Packaged Foods & Meats,NYSE,US9024941034,ISIN,0.05667975
LDOS US,20202020,Industrials,Commercial and Professional Services,Professional Services,Research & Consulting Services,NYSE,US5253271028,ISIN,0.0400447
CAT US,20106010,Industrials,Capital Goods,Machinery,Construction Machinery & Heavy Trucks,NYSE,US1491231015,ISIN,0.39931671
CAG US,30202030,Consumer Staples,"Food, Beverage & Tobacco",Food Products,Packaged Foods & Meats,NYSE,US2058871029,ISIN,0.05744393
VRSK US,20202020,Industrials,Commercial and Professional Services,Professional Services,Research & Consulting Services,NASDAQ,US92345Y1064,ISIN,0.08502358
ADI US,45301020,Information Technology,Semiconductors & Semiconductor Equipment,Semiconductors & Semiconductor Equipment,Semiconductors,NASDAQ,US0326541051,ISIN,0.25705509
RMD US,35101010,Health Care,Health Care Equipment & Services,Health Care Equipment & Supplies,Health Care Equipment,NYSE,US7611521078,ISIN,0.09885472
CBRE US,60102040,Real Estate,Real Estate,Real Estate Management & Development,Real Estate Services,NYSE,US12504L1098,ISIN,0.08012947
QCOM US,45301020,Information Technology,Semiconductors & Semiconductor Equipment,Semiconductors & Semiconductor Equipment,Semiconductors,NASDAQ,US7475251036,ISIN,0.40372988
PWR US,20103010,Industrials,Capital Goods,Construction & Engineering,Construction & Engineering,NYSE,US74762E1029,ISIN,0.06344252
CDW US,45203030,Information Technology,Technology Hardware & Equipment,"Electronic Equipment, Instruments & Components",Technology Distributors,NASDAQ,US12514G1085,ISIN,0.08011476
BALL US,15103010,Materials,Materials,Containers & Packaging,Metal & Glass Containers,NYSE,US0584981064,ISIN,0.0535403
AES US,55105010,Utilities,Utilities,Independent Power and Renewable Electricity Producers,Independent Power Producers & Energy Traders,NYSE,US00130H1059,ISIN,0.05520074
CINF US,40301040,Financials,Insurance,Insurance,Property & Casualty Insurance,NASDAQ,US1720621010,ISIN,0.04997857
FE US,55101010,Utilities,Utilities,Electric Utilities,Electric Utilities,NYSE,US3379321074,ISIN,0.06991838
PHM US,25201030,Consumer Discretionary,Consumer Durables & Apparel,Household Durables,Homebuilding,NYSE,US7458671010,ISIN,0.03483771
EMN US,15101050,Materials,Materials,Chemicals,Specialty Chemicals,NYSE,US2774321002,ISIN,0.03213788
ORCL US,45103020,Information Technology,Software & Services,Software,Systems Software,NYSE,US68389X1054,ISIN,0.40770597
UNP US,20304010,Industrials,Transportation,Road & Rail,Railroads,NYSE,US9078181081,ISIN,0.39451986
OMC US,50201010,Communication Services,Media & Entertainment,Media,Advertising,NYSE,US6819191064,ISIN,0.0510934
CEG US,55101010,Utilities,Utilities,Electric Utilities,Electric Utilities,NASDAQ,,CUSIP,0.08163442
CI US,35102015,Health Care,Health Care Equipment & Services,Health Care Providers & Services,Health Care Services,NYSE,US1255231003,ISIN,0.28837211
GRMN US,25201010,Consumer Discretionary,Consumer Durables & Apparel,Household Durables,Consumer Electronics,NYSE,CH0114405324,ISIN,0.04489236
EXC US,55101010,Utilities,Utilities,Electric Utilities,Electric Utilities,NASDAQ,US30161N1019,ISIN,0.12842422
DD US,15101050,Materials,Materials,Chemicals,Specialty Chemicals,NYSE,US26614N1028,ISIN,0.11056762
DXC US,45102010,Information Technology,Software & Services,IT Services,IT Consulting & Other Services,NYSE,US23355L1061,ISIN,0.02004635
ARE US,60101040,Real Estate,Real Estate,Equity Real Estate Investment Trusts (REITs),Office REITs,NYSE,US0152711091,ISIN,0.06981958
ALGN US,35101020,Health Care,Health Care Equipment & Services,Health Care Equipment & Supplies,Health Care Supplies,NASDAQ,US0162551016,ISIN,0.0535178
AMZN US,25502020,Consumer Discretionary,Retailing,Internet & Direct Marketing Retail,Internet & Direct Marketing Retail,NASDAQ,US0231351067,ISIN,2.55257832
IRM US,60101080,Real Estate,Real Estate,Equity Real Estate Investment Trusts (REITs),Specialized REITs,NYSE,,CUSIP,0.04554341
SNPS US,45103010,Information Technology,Software & Services,Software,Application Software,NASDAQ,US8716071076,ISIN,0.15443543
ANSS US,45103010,Information Technology,Software & Services,Software,Application Software,NASDAQ,US03662Q1058,ISIN,0.06590839
GIS US,30202030,Consumer Staples,"Food, Beverage & Tobacco",Food Products,Packaged Foods & Meats,NYSE,US3703341046,ISIN,0.14548247
CNP US,55103010,Utilities,Utilities,Multi-Utilities,Multi-Utilities,NYSE,US15189T1079,ISIN,0.05858595
JNJ US,35202010,Health Care,"Pharmaceuticals, Biotechnology & Life Sciences",Pharmaceuticals,Pharmaceuticals,NYSE,US4781601046,ISIN,1.34931808
ALL US,40301040,Financials,Insurance,Insurance,Property & Casualty Insurance,NYSE,US0200021014,ISIN,0.10761806
ED US,55103010,Utilities,Utilities,Multi-Utilities,Multi-Utilities,NYSE,US2091151041,ISIN,0.10146365
PKI US,35203010,Health Care,"Pharmaceuticals, Biotechnology & Life Sciences",Life Sciences Tools & Services,Life Sciences Tools & Services,NYSE,US7140461093,ISIN,0.05007075
SWK US,20106020,Industrials,Capital Goods,Machinery,Industrial Machinery,NYSE,US8545021011,ISIN,0.03929226
GPC US,25501010,Consumer Discretionary,Retailing,Distributors,Distributors,NYSE,US3724601055,ISIN,0.07113722
BAX US,35101010,Health Care,Health Care Equipment & Services,Health Care Equipment & Supplies,Health Care Equipment,NYSE,US0718131099,ISIN,0.06753402
FOX US,50201020,Communication Services,Media & Entertainment,Media,Broadcasting,NASDAQ,,CUSIP,0.01246545
KR US,30101030,Consumer Staples,Food & Staples Retailing,Food & Staples Retailing,Food Retail,NYSE,US5010441013,ISIN,0.09007049
CTVA US,15101030,Materials,Materials,Chemicals,Fertilizers & Agricultural Chemicals,NYSE,US22052L1044,ISIN,0.13413953
CTAS US,20201070,Industrials,Commercial and Professional Services,Commercial Services & Supplies,Diversified Support Services,NASDAQ,US1729081059,ISIN,0.11497733
ISRG US,35101010,Health Care,Health Care Equipment & Services,Health Care Equipment & Supplies,Health Care Equipment,NASDAQ,US46120E6023,ISIN,0.27694497
CTSH US,45102010,Information Technology,Software & Services,IT Services,IT Consulting & Other Services,NASDAQ,US1924461023,ISIN,0.0968842
CARR US,20102010,Industrials,Capital Goods,Building Products,Building Products,NYSE,US14448C1045,ISIN,0.11375669
BKNG US,25301020,Consumer Discretionary,Consumer Services,"Hotels, Restaurants & Leisure","Hotels, Resorts & Cruise Lines",NASDAQ,US09857L1089,ISIN,0.27108471
NI US,55103010,Utilities,Utilities,Multi-Utilities,Multi-Utilities,NYSE,US65473P1057,ISIN,0.03358806
NDSN US,20106020,Industrials,Capital Goods,Machinery,Industrial Machinery,NASDAQ,US6556631025,ISIN,0.03897664
ES US,55101010,Utilities,Utilities,Electric Utilities,Electric Utilities,NYSE,,CUSIP,0.08732431
ETR US,55101010,Utilities,Utilities,Electric Utilities,Electric Utilities,NYSE,US29364G1031,ISIN,0.06513891
O US,60101070,Real Estate,Real Estate,Equity Real Estate Investment Trusts (REITs),Retail REITs,NYSE,US7561091049,ISIN,0.12561088
DIS US,50202010,Communication Services,Media & Entertainment,Entertainment,Movies & Entertainment,NYSE,US2546871060,ISIN,0.54538264
REGN US,35201010,Health Care,"Pharmaceuticals, Biotechnology & Life Sciences",Biotechnology,Biotechnology,NASDAQ,US75886F1075,ISIN,0.23346052
ROL US,20201050,Industrials,Commercial and Professional Services,Commercial Services & Supplies,Environmental & Facilities Services,NYSE,US7757111049,ISIN,0.02580265
J US,20202020,Industrials,Commercial and Professional Services,Professional Services,Research & Consulting Services,NYSE,,CUSIP,0.0475508
MRK US,35202010,Health Care,"Pharmaceuticals, Biotechnology & Life Sciences",Pharmaceuticals,Pharmaceuticals,NYSE,US58933Y1055,ISIN,0.83850062
ALK US,20302010,Industrials,Transportation,Airlines,Airlines,NYSE,US0116591092,ISIN,0.01910334
SNA US,20106020,Industrials,Capital Goods,Machinery,Industrial Machinery,NYSE,US8330341012,ISIN,0.03905487
INVH US,60101060,Real Estate,Real Estate,Equity Real Estate Investment Trusts (REITs),Residential REITs,NYSE,,CUSIP,0.0550107
CSX US,20304010,Industrials,Transportation,Road & Rail,Railroads,NASDAQ,US1264081035,ISIN,0.2052233
COST US,30101040,Consumer Staples,Food & Staples Retailing,Food & Staples Retailing,Hypermarkets & Super Centers,NASDAQ,US22160K1051,ISIN,0.64510589
RTX US,20101010,Industrials,Capital Goods,Aerospace & Defense,Aerospace & Defense,NYSE,US75513E1010,ISIN,0.4332661
C US,40101010,Financials,Banks,Banks,Diversified Banks,NYSE,US1729674242,ISIN,0.29177148
GLW US,45203015,Information Technology,Technology Hardware & Equipment,"Electronic Equipment, Instruments & Components",Electronic Components,NYSE,US2193501051,ISIN,0.08194201
DTE US,55103010,Utilities,Utilities,Multi-Utilities,Multi-Utilities,NYSE,US2333311072,ISIN,0.06805353
MKTX US,40203040,Financials,Diversified Financials,Capital Markets,Financial Exchanges & Data,NASDAQ,US57060D1081,ISIN,0.03696866
APTV US,25101010,Consumer Discretionary,Automobiles & Components,Auto Components,Auto Parts & Equipment,NYSE,JE00B783TY65,ISIN,0.08319873
NSC US,20304010,Industrials,Transportation,Road & Rail,Railroads,NYSE,US6558441084,ISIN,0.17792104
RJF US,40203020,Financials,Diversified Financials,Capital Markets,Investment Banking & Brokerage,NYSE,US7547301090,ISIN,0.06782624
MCHP US,45301020,Information Technology,Semiconductors & Semiconductor Equipment,Semiconductors & Semiconductor Equipment,Semiconductors,NASDAQ,US5950171042,ISIN,0.12267601
VMC US,15102010,Materials,Materials,Construction Materials,Construction Materials,NYSE,US9291601097,ISIN,0.07265163
AVGO US,45301020,Information Technology,Semiconductors & Semiconductor Equipment,Semiconductors & Semiconductor Equipment,Semiconductors,NASDAQ,US11135F1012,ISIN,0.70244773
AVB US,60101060,Real Estate,Real Estate,Equity Real Estate Investment Trusts (REITs),Residential REITs,NYSE,US0534841012,ISIN,0.07121553
AXP US,40202010,Financials,Diversified Financials,Consumer Finance,Consumer Finance,NYSE,US0258161092,ISIN,0.27520291
AMP US,40203010,Financials,Diversified Financials,Capital Markets,Asset Management & Custody Banks,NYSE,US03076C1062,ISIN,0.1071529
WTW US,40301010,Financials,Insurance,Insurance,Insurance Brokers,NASDAQ,IE00BDB6Q211,ISIN,0.08173663
GEN US,45103020,Information Technology,Software & Services,Software,Systems Software,NASDAQ,,CUSIP,0.03921202
ABBV US,35201010,Health Care,"Pharmaceuticals, Biotechnology & Life Sciences",Biotechnology,Biotechnology,NYSE,US00287Y1091,ISIN,0.80928385
ROP US,45103010,Information Technology,Software & Services,Software,Application Software,NYSE,US7766961061,ISIN,0.14132835
CDNS US,45103010,Information Technology,Software & Services,Software,Application Software,NASDAQ,US1273871087,ISIN,0.14207373
NCLH US,25301020,Consumer Discretionary,Consumer Services,"Hotels, Restaurants & Leisure","Hotels, Resorts & Cruise Lines",NYSE,BMG667211046,ISIN,0.02018842
FCX US,15104025,Materials,Materials,Metals & Mining,Copper,NYSE,US35671D8570,ISIN,0.18895316
APA US,10102020,Energy,Energy,"Oil, Gas & Consumable Fuels",Oil & Gas Exploration & Production,NASDAQ,,CUSIP,0.04345609
SO US,55101010,Utilities,Utilities,Electric Utilities,Electric Utilities,NYSE,US8425871071,ISIN,0.22834813
CB US,40301040,Financials,Insurance,Insurance,Property & Casualty Insurance,NYSE,CH0044328745,ISIN,0.2791644
EW US,35101010,Health Care,Health Care Equipment & Services,Health Care Equipment & Supplies,Health Care Equipment,NYSE,US28176E1082,ISIN,0.14598888
PPL US,55101010,Utilities,Utilities,Electric Utilities,Electric Utilities,NYSE,US69351T1060,ISIN,0.06744298
ADBE US,45103010,Information Technology,Software & Services,Software,Application Software,NASDAQ,US00724F1012,ISIN,0.4793904
AAP US,25504050,Consumer Discretionary,Retailing,Specialty Retail,Automotive Retail,NYSE,US00751Y1064,ISIN,0.02685928
SLB US,10101020,Energy,Energy,Energy Equipment & Services,Oil & Gas Equipment & Services,NYSE,AN8068571086,ISIN,0.24821436
ILMN US,35203010,Health Care,"Pharmaceuticals, Biotechnology & Life Sciences",Life Sciences Tools & Services,Life Sciences Tools & Services,NASDAQ,US4523271090,ISIN,0.09723317
AMT US,60101080,Real Estate,Real Estate,Equity Real Estate Investment Trusts (REITs),Specialized REITs,NYSE,US03027X1000,ISIN,0.32211905
JNPR US,45201020,Information Technology,Technology Hardware & Equipment,Communications Equipment,Communications Equipment,NYSE,US48203R1041,ISIN,0.03121455
MPWR US,45301020,Information Technology,Semiconductors & Semiconductor Equipment,Semiconductors & Semiconductor Equipment,Semiconductors,NASDAQ,US6098391054,ISIN,0.05363611
TSCO US,25504040,Consumer Discretionary,Retailing,Specialty Retail,Specialty Stores,NASDAQ,US8923561067,ISIN,0.07243242
URI US,20107010,Industrials,Capital Goods,Trading Companies & Distributors,Trading Companies & Distributors,NYSE,US9113631090,ISIN,0.08070114
EIX US,55101010,Utilities,Utilities,Electric Utilities,Electric Utilities,NYSE,US2810201077,ISIN,0.07855428
ITW US,20106020,Industrials,Capital Goods,Machinery,Industrial Machinery,NYSE,US4523081093,ISIN,0.1944476
MAS US,20102010,Industrials,Capital Goods,Building Products,Building Products,NYSE,US5745991068,ISIN,0.03439283
MCD US,25301040,Consumer Discretionary,Consumer Services,"Hotels, Restaurants & Leisure",Restaurants,NYSE,US5801351017,ISIN,0.6011451
MSI US,45201020,Information Technology,Technology Hardware & Equipment,Communications Equipment,Communications Equipment,NYSE,US6200763075,ISIN,0.13181666
PSX US,10102030,Energy,Energy,"Oil, Gas & Consumable Fuels",Oil & Gas Refining & Marketing,NYSE,US7185461040,ISIN,0.14507121
NUE US,15104050,Materials,Materials,Metals & Mining,Steel,NYSE,US6703461052,ISIN,0.11916522
ATVI US,50202020,Communication Services,Media & Entertainment,Entertainment,Interactive Home Entertainment,NASDAQ,US00507V1098,ISIN,0.15899844
DISH US,50201030,Communication Services,Media & Entertainment,Media,Cable & Satellite,NASDAQ,US25470M1099,ISIN,0.010913
PEP US,30201030,Consumer Staples,"Food, Beverage & Tobacco",Beverages,Soft Drinks,NASDAQ,US7134481081,ISIN,0.72628999
CHRW US,20301010,Industrials,Transportation,Air Freight & Logistics,Air Freight & Logistics,NASDAQ,US12541W2098,ISIN,0.03266537
XRAY US,35101020,Health Care,Health Care Equipment & Services,Health Care Equipment & Supplies,Health Care Supplies,NASDAQ,US24906P1093,ISIN,0.02369389
CHD US,30301010,Consumer Staples,Household & Personal Products,Household Products,Household Products,NYSE,US1713401024,ISIN,0.06186324
MSFT US,45103020,Information Technology,Software & Services,Software,Systems Software,NASDAQ,US5949181045,ISIN,5.36479261
IDXX US,35101010,Health Care,Health Care Equipment & Services,Health Care Equipment & Supplies,Health Care Equipment,NASDAQ,US45168D1046,ISIN,0.11907606
MTD US,35203010,Health Care,"Pharmaceuticals, Biotechnology & Life Sciences",Life Sciences Tools & Services,Life Sciences Tools & Services,NYSE,US5926881054,ISIN,0.102221
CZR US,25301010,Consumer Discretionary,Consumer Services,"Hotels, Restaurants & Leisure",Casinos & Gaming,NASDAQ,,CUSIP,0.03101845
PTC US,45103010,Information Technology,Software & Services,Software,Application Software,NASDAQ,US69370C1009,ISIN,0.04122471
PAYX US,45102020,Information Technology,Software & Services,IT Services,Data Processing & Outsourced Services,NASDAQ,US7043261079,ISIN,0.11373437
REG US,60101070,Real Estate,Real Estate,Equity Real Estate Investment Trusts (REITs),Retail REITs,NASDAQ,US7588491032,ISIN,0.0304221
BEN US,40203010,Financials,Diversified Financials,Capital Markets,Asset Management & Custody Banks,NYSE,US3546131018,ISIN,0.02532981
AJG US,40301010,Financials,Insurance,Insurance,Insurance Brokers,NYSE,US3635761097,ISIN,0.12351643
ZION US,40101015,Financials,Banks,Banks,Regional Banks,NASDAQ,US9897011071,ISIN,0.02278516
PFE US,35202010,Health Care,"Pharmaceuticals, Biotechnology & Life Sciences",Pharmaceuticals,Pharmaceuticals,NYSE,US7170811035,ISIN,0.77450415
TRGP US,10102040,Energy,Energy,"Oil, Gas & Consumable Fuels",Oil & Gas Storage & Transportation,NYSE,US87612G1013,ISIN,0.05093209
ROK US,20104010,Industrials,Capital Goods,Electrical Equipment,Electrical Components & Equipment,NYSE,US7739031091,ISIN,0.09703799
SHW US,15101050,Materials,Materials,Chemicals,Specialty Chemicals,NYSE,US8243481061,ISIN,0.17497421
KMI US,10102040,Energy,Energy,"Oil, Gas & Consumable Fuels",Oil & Gas Storage & Transportation,NYSE,US49456B1017,ISIN,0.11146554
UAL US,20302010,Industrials,Transportation,Airlines,Airlines,NASDAQ,,CUSIP,0.05012033
WM US,20201050,Industrials,Commercial and Professional Services,Commercial Services & Supplies,Environmental & Facilities Services,NYSE,US94106L1098,ISIN,0.17265732
WHR US,25201040,Consumer Discretionary,Consumer Durables & Apparel,Household Durables,Household Appliances,NYSE,US9633201069,ISIN,0.02526763
CRM US,45103010,Information Technology,Software & Services,Software,Application Software,NYSE,US79466L3024,ISIN,0.44456019
LUMM US,50101010,Communication Services,Telecommunication Services,Diversified Telecommunication Services,Alternative Carriers,NYSE,,CUSIP,0.01593151
COO US,35101020,Health Care,Health Care Equipment & Services,Health Care Equipment & Supplies,Health Care Supplies,NYSE,US2166484020,ISIN,0.05102443
EQT US,10102020,Energy,Energy,"Oil, Gas & Consumable Fuels",Oil & Gas Exploration & Production,NYSE,US26884L1098,ISIN,0.03867512
LW US,30202030,Consumer Staples,"Food, Beverage & Tobacco",Food Products,Packaged Foods & Meats,NYSE,US5132721045,ISIN,0.04306267
SYK US,35101010,Health Care,Health Care Equipment & Services,Health Care Equipment & Supplies,Health Care Equipment,NYSE,US8636671013,ISIN,0.25857436
LYV US,50202010,Communication Services,Media & Entertainment,Entertainment,Movies & Entertainment,NYSE,US5380341090,ISIN,0.03255669
RSG US,20201050,Industrials,Commercial and Professional Services,Commercial Services & Supplies,Environmental & Facilities Services,NYSE,US7607591002,ISIN,0.0772965
HES US,10102020,Energy,Energy,"Oil, Gas & Consumable Fuels",Oil & Gas Exploration & Production,NYSE,US42809H1077,ISIN,0.1259974
DHR US,35203010,Health Care,"Pharmaceuticals, Biotechnology & Life Sciences",Life Sciences Tools & Services,Life Sciences Tools & Services,NYSE,US2358511028,ISIN,0.53932433
CTRA US,10102020,Energy,Energy,"Oil, Gas & Consumable Fuels",Oil & Gas Exploration & Production,NYSE,US1270971039,ISIN,0.0598249
GPN US,45102020,Information Technology,Software & Services,IT Services,Data Processing & Outsourced Services,NYSE,US37940X1028,ISIN,0.09024418
NWL US,25201050,Consumer Discretionary,Consumer Durables & Apparel,Household Durables,Housewares & Specialties,NASDAQ,US6512291062,ISIN,0.01754698
CNC US,35102030,Health Care,Health Care Equipment & Services,Health Care Providers & Services,Managed Health Care,NYSE,US15135B1017,ISIN,0.13011565
LNC US,40301020,Financials,Insurance,Insurance,Life & Health Insurance,NYSE,US5341871094,ISIN,0.01446855
AEP US,55101010,Utilities,Utilities,Electric Utilities,Electric Utilities,NASDAQ,US0255371017,ISIN,0.14595641
PPG US,15101050,Materials,Materials,Chemicals,Specialty Chemicals,NYSE,US6935061076,ISIN,0.09192197
NRG US,55101010,Utilities,Utilities,Electric Utilities,Electric Utilities,NYSE,US6293775085,ISIN,0.02217814
RCL US,25301020,Consumer Discretionary,Consumer Services,"Hotels, Restaurants & Leisure","Hotels, Resorts & Cruise Lines",NYSE,LR0008862868,ISIN,0.0421604
VICI US,60101080,Real Estate,Real Estate,Equity Real Estate Investment Trusts (REITs),Specialized REITs,NYSE,,CUSIP,0.09698157
APH US,45203015,Information Technology,Technology Hardware & Equipment,"Electronic Equipment, Instruments & Components",Electronic Components,NYSE,US0320951017,ISIN,0.1437798
CDAY US,45103010,Information Technology,Software & Services,Software,Application Software,NYSE,,CUSIP,0.03112643
CRL US,35203010,Health Care,"Pharmaceuticals, Biotechnology & Life Sciences",Life Sciences Tools & Services,Life Sciences Tools & Services,NYSE,US1598641074,ISIN,0.03603435
ELV US,35102030,Health Care,Health Care Equipment & Services,Health Care Providers & Services,Managed Health Care,NYSE,US0367521038,ISIN,0.34394268
BIO US,35203010,Health Care,"Pharmaceuticals, Biotechnology & Life Sciences",Life Sciences Tools & Services,Life Sciences Tools & Services,NYSE,US0905722072,ISIN,0.02932944
OXY US,10102010,Energy,Energy,"Oil, Gas & Consumable Fuels",Integrated Oil & Gas,NYSE,US6745991058,ISIN,0.14091043
FFIV US,45201020,Information Technology,Technology Hardware & Equipment,Communications Equipment,Communications Equipment,NASDAQ,US3156161024,ISIN,0.02636582
HSIC US,35102010,Health Care,Health Care Equipment & Services,Health Care Providers & Services,Health Care Distributors,NASDAQ,US8064071025,ISIN,0.0328185
SIVB US,40101015,Financials,Banks,Banks,Regional Banks,NASDAQ,US78486Q1013,ISIN,0.04601139
CFG US,40101015,Financials,Banks,Banks,Regional Banks,NYSE,US1746101054,ISIN,0.06019538
VTRS US,35202010,Health Care,"Pharmaceuticals, Biotechnology & Life Sciences",Pharmaceuticals,Pharmaceuticals,NASDAQ,,CUSIP,0.04299239
ADP US,45102020,Information Technology,Software & Services,IT Services,Data Processing & Outsourced Services,NASDAQ,US0530151036,ISIN,0.29410672
LH US,35102015,Health Care,Health Care Equipment & Services,Health Care Providers & Services,Health Care Services,NYSE,US50540R4092,ISIN,0.06758601
BLK US,40203010,Financials,Diversified Financials,Capital Markets,Asset Management & Custody Banks,NYSE,US09247X1019,ISIN,0.33717481
BWA US,25101010,Consumer Discretionary,Automobiles & Components,Auto Components,Auto Parts & Equipment,NYSE,US0997241064,ISIN,0.03102464
VLO US,10102030,Energy,Energy,"Oil, Gas & Consumable Fuels",Oil & Gas Refining & Marketing,NYSE,US91913Y1001,ISIN,0.1588518
ANET US,45201020,Information Technology,Technology Hardware & Equipment,Communications Equipment,Communications Equipment,NYSE,US0404131064,ISIN,0.08619292
F US,25102010,Consumer Discretionary,Automobiles & Components,Automobiles,Automobile Manufacturers,NYSE,US3453708600,ISIN,0.14983946
KDP US,30201030,Consumer Staples,"Food, Beverage & Tobacco",Beverages,Soft Drinks,NASDAQ,US49271V1008,ISIN,0.09091098
INTC US,45301020,Information Technology,Semiconductors & Semiconductor Equipment,Semiconductors & Semiconductor Equipment,Semiconductors,NASDAQ,US4581401001,ISIN,0.36577839
LMT US,20101010,Industrials,Capital Goods,Aerospace & Defense,Aerospace & Defense,NYSE,US5398301094,ISIN,0.31229768
PNR US,20106020,Industrials,Capital Goods,Machinery,Industrial Machinery,NYSE,IE00BLS09M33,ISIN,0.02488868
CMS US,55103010,Utilities,Utilities,Multi-Utilities,Multi-Utilities,NYSE,US1258961002,ISIN,0.05517013
MTCH US,50203010,Communication Services,Media & Entertainment,Interactive Media & Services,Interactive Media & Services,NASDAQ,,CUSIP,0.03954954
MDLZ US,30202030,Consumer Staples,"Food, Beverage & Tobacco",Food Products,Packaged Foods & Meats,NASDAQ,US6092071058,ISIN,0.2740475
MDT US,35101010,Health Care,Health Care Equipment & Services,Health Care Equipment & Supplies,Health Care Equipment,NYSE,IE00BTN1Y115,ISIN,0.31978105
FOXA US,50201020,Communication Services,Media & Entertainment,Media,Broadcasting,NASDAQ,,CUSIP,0.02877389
CSGP US,20202020,Industrials,Commercial and Professional Services,Professional Services,Research & Consulting Services,NASDAQ,US22160N1090,ISIN,0.09695663
MHK US,25201020,Consumer Discretionary,Consumer Durables & Apparel,Household Durables,Home Furnishings,NYSE,US6081901042,ISIN,0.01755508
PYPL US,45102020,Information Technology,Software & Services,IT Services,Data Processing & Outsourced Services,NASDAQ,US70450Y1038,ISIN,0.27369914
STLD US,15104050,Materials,Materials,Metals & Mining,Steel,NASDAQ,US8581191009,ISIN,0.05503138
TROW US,40203010,Financials,Diversified Financials,Capital Markets,Asset Management & Custody Banks,NASDAQ,US74144T1088,ISIN,0.07938392
PGR US,40301040,Financials,Insurance,Insurance,Property & Casualty Insurance,NYSE,US7433151039,ISIN,0.22895074
OGN US,35202010,Health Care,"Pharmaceuticals, Biotechnology & Life Sciences",Pharmaceuticals,Pharmaceuticals,NYSE,,CUSIP,0.02443329
DGX US,35102015,Health Care,Health Care Equipment & Services,Health Care Providers & Services,Health Care Services,NYSE,US74834L1008,ISIN,0.0503159
ECL US,15101050,Materials,Materials,Chemicals,Specialty Chemicals,NYSE,US2788651006,ISIN,0.11367175
MOH US,35102030,Health Care,Health Care Equipment & Services,Health Care Providers & Services,Managed Health Care,NYSE,US60855R1005,ISIN,0.05234081
VZ US,50101020,Communication Services,Telecommunication Services,Diversified Telecommunication Services,Integrated Telecommunication Services,NYSE,US92343V1044,ISIN,0.51370559
BMY US,35202010,Health Care,"Pharmaceuticals, Biotechnology & Life Sciences",Pharmaceuticals,Pharmaceuticals,NYSE,US1101221083,ISIN,0.4603479
CAH US,35102010,Health Care,Health Care Equipment & Services,Health Care Providers & Services,Health Care Distributors,NYSE,US14149Y1082,ISIN,0.05998218
CMCSA US,50201030,Communication Services,Media & Entertainment,Media,Cable & Satellite,NASDAQ,US20030N1019,ISIN,0.50299577
DE US,20106015,Industrials,Capital Goods,Machinery,Agricultural & Farm Machinery,NYSE,US2441991054,ISIN,0.36037416
D US,55103010,Utilities,Utilities,Multi-Utilities,Multi-Utilities,NYSE,US25746U1097,ISIN,0.15599087
DOV US,20106020,Industrials,Capital Goods,Machinery,Industrial Machinery,NYSE,US2600031080,ISIN,0.06064753
WELL US,60101050,Real Estate,Real Estate,Equity Real Estate Investment Trusts (REITs),Health Care REITs,NYSE,US95040Q1040,ISIN,0.1014595
ABT US,35101010,Health Care,Health Care Equipment & Services,Health Care Equipment & Supplies,Health Care Equipment,NYSE,US0028241000,ISIN,0.59197996
LYB US,15101010,Materials,Materials,Chemicals,Commodity Chemicals,NYSE,NL0009434992,ISIN,0.06965478
STX US,45202030,Information Technology,Technology Hardware & Equipment,"Technology Hardware, Storage & Peripherals","Technology Hardware, Storage & Peripherals",NASDAQ,,CINS,0.03275824
DRI US,25301040,Consumer Discretionary,Consumer Services,"Hotels, Restaurants & Leisure",Restaurants,NYSE,US2371941053,ISIN,0.05460628
PCAR US,20106010,Industrials,Capital Goods,Machinery,Construction Machinery & Heavy Trucks,NASDAQ,US6937181088,ISIN,0.10580786
MOS US,15101030,Materials,Materials,Chemicals,Fertilizers & Agricultural Chemicals,NYSE,US61945C1036,ISIN,0.0481711
FRT US,60101070,Real Estate,Real Estate,Equity Real Estate Investment Trusts (REITs),Retail REITs,NYSE,,CUSIP,0.02426126
ALB US,15101050,Materials,Materials,Chemicals,Specialty Chemicals,NYSE,US0126531013,ISIN,0.08526615
SBAC US,60101080,Real Estate,Real Estate,Equity Real Estate Investment Trusts (REITs),Specialized REITs,NASDAQ,US78410G1040,ISIN,0.09789566
ICE US,40203040,Financials,Diversified Financials,Capital Markets,Financial Exchanges & Data,NYSE,US45866F1049,ISIN,0.17963882
TEL US,45203020,Information Technology,Technology Hardware & Equipment,"Electronic Equipment, Instruments & Components",Electronic Manufacturing Services,NYSE,CH0102993182,ISIN,0.11830038
NXPI US,45301020,Information Technology,Semiconductors & Semiconductor Equipment,Semiconductors & Semiconductor Equipment,Semiconductors,NASDAQ,NL0009538784,ISIN,0.13216276
MAR US,25301020,Consumer Discretionary,Consumer Services,"Hotels, Restaurants & Leisure","Hotels, Resorts & Cruise Lines",NASDAQ,US5719032022,ISIN,0.1296995
HAS US,25202010,Consumer Discretionary,Consumer Durables & Apparel,Leisure Products,Leisure Products,NASDAQ,US4180561072,ISIN,0.02543126
HWM US,20101010,Industrials,Capital Goods,Aerospace & Defense,Aerospace & Defense,NYSE,US4432011082,ISIN,0.04477267
TER US,45301010,Information Technology,Semiconductors & Semiconductor Equipment,Semiconductors & Semiconductor Equipment,Semiconductor Equipment,NASDAQ,US8807701029,ISIN,0.04507062
EQIX US,60101080,Real Estate,Real Estate,Equity Real Estate Investment Trusts (REITs),Specialized REITs,NASDAQ,US29444U7000,ISIN,0.19894655
STT US,40203010,Financials,Diversified Financials,Capital Markets,Asset Management & Custody Banks,NYSE,US8574771031,ISIN,0.09119374
AIG US,40301030,Financials,Insurance,Insurance,Multi-line Insurance,NYSE,US0268747849,ISIN,0.14189056
TMUS US,50102010,Communication Services,Telecommunication Services,Wireless Telecommunication Services,Wireless Telecommunication Services,NASDAQ,,CUSIP,0.26282428
FTV US,20106020,Industrials,Capital Goods,Machinery,Industrial Machinery,NYSE,US34959J1088,ISIN,0.07132933
ON US,45301020,Information Technology,Semiconductors & Semiconductor Equipment,Semiconductors & Semiconductor Equipment,Semiconductors,NASDAQ,,CUSIP,0.08528827
POOL US,25501010,Consumer Discretionary,Retailing,Distributors,Distributors,NASDAQ,US73278L1052,ISIN,0.04138953
IPG US,50201010,Communication Services,Media & Entertainment,Media,Advertising,NYSE,US4606901001,ISIN,0.04139203
TJX US,25504010,Consumer Discretionary,Retailing,Specialty Retail,Apparel Retail,NYSE,US8725401090,ISIN,0.28350967
ZBH US,35101010,Health Care,Health Care Equipment & Services,Health Care Equipment & Supplies,Health Care Equipment,NYSE,US98956P1021,ISIN,0.07729393
IR US,20106020,Industrials,Capital Goods,Machinery,Industrial Machinery,NYSE,US45687V1061,ISIN,0.06886775
OKE US,10102040,Energy,Energy,"Oil, Gas & Consumable Fuels",Oil & Gas Storage & Transportation,NYSE,US6826801036,ISIN,0.09384186
V US,45102020,Information Technology,Software & Services,IT Services,Data Processing & Outsourced Services,NYSE,US92826C8394,ISIN,1.09173811
HPQ US,45202030,Information Technology,Technology Hardware & Equipment,"Technology Hardware, Storage & Peripherals","Technology Hardware, Storage & Peripherals",NYSE,US40434L1052,ISIN,0.07313039
K US,30202030,Consumer Staples,"Food, Beverage & Tobacco",Food Products,Packaged Foods & Meats,NYSE,US4878361082,ISIN,0.05343461
LLY US,35202010,Health Care,"Pharmaceuticals, Biotechnology & Life Sciences",Pharmaceuticals,Pharmaceuticals,NYSE,US5324571083,ISIN,0.84477768
MMC US,40301010,Financials,Insurance,Insurance,Insurance Brokers,NYSE,US5717481023,ISIN,0.2554677
TDG US,20101010,Industrials,Capital Goods,Aerospace & Defense,Aerospace & Defense,NYSE,US8936411003,ISIN,0.10523183
APD US,15101040,Materials,Materials,Chemicals,Industrial Gases,NYSE,US0091581068,ISIN,0.20347538
NTRS US,40203010,Financials,Diversified Financials,Capital Markets,Asset Management & Custody Banks,NASDAQ,US6658591044,ISIN,0.06203107
DFS US,40202010,Financials,Diversified Financials,Consumer Finance,Consumer Finance,NYSE,US2547091080,ISIN,0.08623741
ABC US,35102010,Health Care,Health Care Equipment & Services,Health Care Providers & Services,Health Care Distributors,NYSE,US03073E1055,ISIN,0.07960634
MS US,40203020,Financials,Diversified Financials,Capital Markets,Investment Banking & Brokerage,NYSE,US6174464486,ISIN,0.38320481
BXP US,60101040,Real Estate,Real Estate,Equity Real Estate Investment Trusts (REITs),Office REITs,NYSE,US1011211018,ISIN,0.03066755
COF US,40202010,Financials,Diversified Financials,Consumer Finance,Consumer Finance,NYSE,US14040H1059,ISIN,0.11844
MKC US,30202030,Consumer Staples,"Food, Beverage & Tobacco",Food Products,Packaged Foods & Meats,NYSE,US5797802064,ISIN,0.0608549
MCO US,40203040,Financials,Diversified Financials,Capital Markets,Financial Exchanges & Data,NYSE,US6153691059,ISIN,0.14793269
ODFL US,20304020,Industrials,Transportation,Road & Rail,Trucking,NASDAQ,US6795801009,ISIN,0.08533523
HPE US,45202030,Information Technology,Technology Hardware & Equipment,"Technology Hardware, Storage & Peripherals","Technology Hardware, Storage & Peripherals",NYSE,US42824C1099,ISIN,0.062607
GILD US,35201010,Health Care,"Pharmaceuticals, Biotechnology & Life Sciences",Biotechnology,Biotechnology,NASDAQ,US3755581036,ISIN,0.32076178
BSX US,35101010,Health Care,Health Care Equipment & Services,Health Care Equipment & Supplies,Health Care Equipment,NYSE,US1011371077,ISIN,0.19745335
CVX US,10102010,Energy,Energy,"Oil, Gas & Consumable Fuels",Integrated Oil & Gas,NYSE,US1667641005,ISIN,0.96140911
CCI US,60101080,Real Estate,Real Estate,Equity Real Estate Investment Trusts (REITs),Specialized REITs,NYSE,,CUSIP,0.19490177
DVN US,10102020,Energy,Energy,"Oil, Gas & Consumable Fuels",Oil & Gas Exploration & Production,NYSE,US25179M1036,ISIN,0.12427268
HBAN US,40101015,Financials,Banks,Banks,Regional Banks,NASDAQ,US4461501045,ISIN,0.06263919
SYF US,40202010,Financials,Diversified Financials,Consumer Finance,Consumer Finance,NYSE,US87165B1035,ISIN,0.04542232
T US,50101020,Communication Services,Telecommunication Services,Diversified Telecommunication Services,Integrated Telecommunication Services,NYSE,US00206R1023,ISIN,0.4125062
CBOE US,40203040,Financials,Diversified Financials,Capital Markets,Financial Exchanges & Data,BATS,US12503M1080,ISIN,0.03926651
BAC US,40101010,Financials,Banks,Banks,Diversified Banks,NYSE,US0605051046,ISIN,0.72141962
WMT US,30101040,Consumer Staples,Food & Staples Retailing,Food & Staples Retailing,Hypermarkets & Super Centers,NYSE,US9311421039,ISIN,0.61029583
WMB US,10102040,Energy,Energy,"Oil, Gas & Consumable Fuels",Oil & Gas Storage & Transportation,NYSE,US9694571004,ISIN,0.11954959
PAYC US,45103010,Information Technology,Software & Services,Software,Application Software,NYSE,US70432V1026,ISIN,0.04516234
CL US,30301010,Consumer Staples,Household & Personal Products,Household Products,Household Products,NYSE,US1941621039,ISIN,0.19564239
DAL US,20302010,Industrials,Transportation,Airlines,Airlines,NYSE,US2473617023,ISIN,0.07345514
GNRC US,20104010,Industrials,Capital Goods,Electrical Equipment,Electrical Components & Equipment,NYSE,US3687361044,ISIN,0.02172126
PNW US,55101010,Utilities,Utilities,Electric Utilities,Electric Utilities,NYSE,US7234841010,ISIN,0.0254452
NEM US,15104030,Materials,Materials,Metals & Mining,Gold,NYSE,US6516391066,ISIN,0.12470408
AON US,40301010,Financials,Insurance,Insurance,Insurance Brokers,NYSE,,CINS,0.19630472
MU US,45301020,Information Technology,Semiconductors & Semiconductor Equipment,Semiconductors & Semiconductor Equipment,Semiconductors,NASDAQ,US5951121038,ISIN,0.18506291
WFC US,40101010,Financials,Banks,Banks,Diversified Banks,NYSE,US9497461015,ISIN,0.50339432
ALLE US,20102010,Industrials,Capital Goods,Building Products,Building Products,NYSE,IE00BFRT3W74,ISIN,0.0296674
AMCR US,15103020,Materials,Materials,Containers & Packaging,Paper Packaging,NYSE,JE00BJ1F3079,ISIN,0.05417123
PARA US,50201020,Communication Services,Media & Entertainment,Media,Broadcasting,NASDAQ,US92556H2067,ISIN,0.0312118
VTR US,60101050,Real Estate,Real Estate,Equity Real Estate Investment Trusts (REITs),Health Care REITs,NYSE,US92276F1003,ISIN,0.05875416
VFC US,25203010,Consumer Discretionary,Consumer Durables & Apparel,"Textiles, Apparel & Luxury Goods","Apparel, Accessories & Luxury Goods",NYSE,US9182041080,ISIN,0.03027185
WRB US,40301040,Financials,Insurance,Insurance,Property & Casualty Insurance,NYSE,US0844231029,ISIN,0.04395343
BBY US,25504020,Consumer Discretionary,Retailing,Specialty Retail,Computer & Electronics Retail,NYSE,US0865161014,ISIN,0.05064803
GD US,20101010,Industrials,Capital Goods,Aerospace & Defense,Aerospace & Defense,NYSE,US3695501086,ISIN,0.16255294
ACN US,45102010,Information Technology,Software & Services,IT Services,IT Consulting & Other Services,NYSE,IE00B4BNMY34,ISIN,0.53746417
DG US,25503020,Consumer Discretionary,Retailing,Multiline Retail,General Merchandise Stores,NYSE,US2566771059,ISIN,0.15674585
HIG US,40301030,Financials,Insurance,Insurance,Multi-line Insurance,NYSE,US4165151048,ISIN,0.0723501
WBD US,50202010,Communication Services,Media & Entertainment,Entertainment,Movies & Entertainment,NASDAQ,,CUSIP,0.08754122
WAT US,35203010,Health Care,"Pharmaceuticals, Biotechnology & Life Sciences",Life Sciences Tools & Services,Life Sciences Tools & Services,NYSE,US9418481035,ISIN,0.05910195
CCL US,25301020,Consumer Discretionary,Consumer Services,"Hotels, Restaurants & Leisure","Hotels, Resorts & Cruise Lines",NYSE,PA1436583006,ISIN,0.03262452
FDS US,40203040,Financials,Diversified Financials,Capital Markets,Financial Exchanges & Data,NYSE,US3030751057,ISIN,0.04890435
CMA US,40101015,Financials,Banks,Banks,Regional Banks,NYSE,US2003401070,ISIN,0.02674166
FDX US,20301010,Industrials,Transportation,Air Freight & Logistics,Air Freight & Logistics,NYSE,US31428X1063,ISIN,0.13485853
CF US,15101030,Materials,Materials,Chemicals,Fertilizers & Agricultural Chemicals,NYSE,US1252691001,ISIN,0.05052019
BRO US,40301010,Financials,Insurance,Insurance,Insurance Brokers,NYSE,US1152361010,ISIN,0.04306321
JKHY US,45102020,Information Technology,Software & Services,IT Services,Data Processing & Outsourced Services,NASDAQ,US4262811015,ISIN,0.03970829
AOS US,20102010,Industrials,Capital Goods,Building Products,Building Products,NYSE,US8318652091,ISIN,0.02280443
AWK US,55104010,Utilities,Utilities,Water Utilities,Water Utilities,NYSE,US0304201033,ISIN,0.08560826
TRMB US,45203010,Information Technology,Technology Hardware & Equipment,"Electronic Equipment, Instruments & Components",Electronic Equipment & Instruments,NASDAQ,US8962391004,ISIN,0.04093303
TYL US,45103010,Information Technology,Software & Services,Software,Application Software,NYSE,US9022521051,ISIN,0.03978841
BRK/B US,40201030,Financials,Diversified Financials,Diversified Financial Services,Multi-Sector Holdings,NYSE,US0846707026,ISIN,1.69862203
GS US,40203020,Financials,Diversified Financials,Capital Markets,Investment Banking & Brokerage,NYSE,US38141G1040,ISIN,0.35480724
MSCI US,40203040,Financials,Diversified Financials,Capital Markets,Financial Exchanges & Data,NYSE,US55354G1004,ISIN,0.12216937
MLM US,15102010,Materials,Materials,Construction Materials,Construction Materials,NYSE,US5732841060,ISIN,0.06564565
LNT US,55101010,Utilities,Utilities,Electric Utilities,Electric Utilities,NASDAQ,US0188021085,ISIN,0.04139974
XEL US,55101010,Utilities,Utilities,Electric Utilities,Electric Utilities,NASDAQ,US98389B1008,ISIN,0.1164889
PXD US,10102020,Energy,Energy,"Oil, Gas & Consumable Fuels",Oil & Gas Exploration & Production,NYSE,US7237871071,ISIN,0.16925087
ESS US,60101060,Real Estate,Real Estate,Equity Real Estate Investment Trusts (REITs),Residential REITs,NYSE,US2971781057,ISIN,0.04267161
WRK US,15103020,Materials,Materials,Containers & Packaging,Paper Packaging,NYSE,,CUSIP,0.02824937
PFG US,40301020,Financials,Insurance,Insurance,Life & Health Insurance,NASDAQ,US74251V1026,ISIN,0.06087298
PNC US,40101015,Financials,Banks,Banks,Regional Banks,NYSE,US6934751057,ISIN,0.19545791
EFX US,20202020,Industrials,Commercial and Professional Services,Professional Services,Research & Consulting Services,NYSE,US2944291051,ISIN,0.07922101
FIS US,45102020,Information Technology,Software & Services,IT Services,Data Processing & Outsourced Services,NYSE,US31620M1062,ISIN,0.12687705
FRC US,40101015,Financials,Banks,Banks,Regional Banks,NYSE,US33616C1009,ISIN,0.07197146
FISV US,45102020,Information Technology,Software & Services,IT Services,Data Processing & Outsourced Services,NASDAQ,US3377381088,ISIN,0.19776974
RHI US,20202010,Industrials,Commercial and Professional Services,Professional Services,Human Resource & Employment Services,NYSE,US7703231032,ISIN,0.02495697
SJM US,30202030,Consumer Staples,"Food, Beverage & Tobacco",Food Products,Packaged Foods & Meats,NYSE,US8326964058,ISIN,0.04960443
IVZ US,40203010,Financials,Diversified Financials,Capital Markets,Asset Management & Custody Banks,NYSE,BMG491BT1088,ISIN,0.02607841
ACGL US,40301040,Financials,Insurance,Insurance,Property & Casualty Insurance,NASDAQ,,CINS,0.07088012
NWS US,50201040,Communication Services,Media & Entertainment,Media,Publishing,NASDAQ,US65249B2088,ISIN,0.00692626
WY US,60101080,Real Estate,Real Estate,Equity Real Estate Investment Trusts (REITs),Specialized REITs,NYSE,US9621661043,ISIN,0.06987422
AAPL US,45202030,Information Technology,Technology Hardware & Equipment,"Technology Hardware, Storage & Peripherals","Technology Hardware, Storage & Peripherals",NASDAQ,US0378331005,ISIN,6.08675453
EQR US,60101060,Real Estate,Real Estate,Equity Real Estate Investment Trusts (REITs),Residential REITs,NYSE,US29476L1070,ISIN,0.06250133
BA US,20101010,Industrials,Capital Goods,Aerospace & Defense,Aerospace & Defense,NYSE,US0970231058,ISIN,0.35463298
FANG US,10102020,Energy,Energy,"Oil, Gas & Consumable Fuels",Oil & Gas Exploration & Production,NASDAQ,US25278X1090,ISIN,0.0767982
FTNT US,45103020,Information Technology,Software & Services,Software,Systems Software,NASDAQ,US34959E1091,ISIN,0.09727247
DXCM US,35101010,Health Care,Health Care Equipment & Services,Health Care Equipment & Supplies,Health Care Equipment,NASDAQ,US2521311074,ISIN,0.12665523
SEDG US,45301010,Information Technology,Semiconductors & Semiconductor Equipment,Semiconductors & Semiconductor Equipment,Semiconductor Equipment,NASDAQ,,SEDOL,0.05358527
LIN US,15101040,Materials,Materials,Chemicals,Industrial Gases,NYSE,IE00BZ12WP82,ISIN,0.4885024
TSLA US,25102010,Consumer Discretionary,Automobiles & Components,Automobiles,Automobile Manufacturers,NASDAQ,,CUSIP,1.05677258
IP US,15103020,Materials,Materials,Containers & Packaging,Paper Packaging,NYSE,US4601461035,ISIN,0.03997913
LEN US,25201030,Consumer Discretionary,Consumer Durables & Apparel,Household Durables,Homebuilding,NYSE,US5260571048,ISIN,0.07535361
DHI US,25201030,Consumer Discretionary,Consumer Durables & Apparel,Household Durables,Homebuilding,NYSE,US23331A1097,ISIN,0.08937141
WST US,35203010,Health Care,"Pharmaceuticals, Biotechnology & Life Sciences",Life Sciences Tools & Services,Life Sciences Tools & Services,NYSE,US9553061055,ISIN,0.05609271
WDC US,45202030,Information Technology,Technology Hardware & Equipment,"Technology Hardware, Storage & Peripherals","Technology Hardware, Storage & Peripherals",NASDAQ,US9581021055,ISIN,0.03549624
AMD US,45301020,Information Technology,Semiconductors & Semiconductor Equipment,Semiconductors & Semiconductor Equipment,Semiconductors,NASDAQ,US0079031078,ISIN,0.34562501
MCK US,35102010,Health Care,Health Care Equipment & Services,Health Care Providers & Services,Health Care Distributors,NYSE,US58155Q1031,ISIN,0.16280887
IQV US,35203010,Health Care,"Pharmaceuticals, Biotechnology & Life Sciences",Life Sciences Tools & Services,Life Sciences Tools & Services,NYSE,US46266C1053,ISIN,0.12321099
MAA US,60101060,Real Estate,Real Estate,Equity Real Estate Investment Trusts (REITs),Residential REITs,NYSE,US59522J1034,ISIN,0.05579691
JPM US,40101010,Financials,Banks,Banks,Diversified Banks,NYSE,US46625H1005,ISIN,1.23662191
AMAT US,45301010,Information Technology,Semiconductors & Semiconductor Equipment,Semiconductors & Semiconductor Equipment,Semiconductor Equipment,NASDAQ,US0382221051,ISIN,0.28184047
BDX US,35101010,Health Care,Health Care Equipment & Services,Health Care Equipment & Supplies,Health Care Equipment,NYSE,US0758871091,ISIN,0.21861187
AMGN US,35201010,Health Care,"Pharmaceuticals, Biotechnology & Life Sciences",Biotechnology,Biotechnology,NASDAQ,US0311621009,ISIN,0.43044773
IT US,45102010,Information Technology,Software & Services,IT Services,IT Consulting & Other Services,NYSE,US3666511072,ISIN,0.07900968
KMB US,30301010,Consumer Staples,Household & Personal Products,Household Products,Household Products,NYSE,US4943681035,ISIN,0.13830309
MNST US,30201030,Consumer Staples,"Food, Beverage & Tobacco",Beverages,Soft Drinks,NASDAQ,US61174X1090,ISIN,0.11651869
TRV US,40301040,Financials,Insurance,Insurance,Property & Casualty Insurance,NYSE,US89417E1091,ISIN,0.12981499
SRE US,55103010,Utilities,Utilities,Multi-Utilities,Multi-Utilities,NYSE,US8168511090,ISIN,0.1522579
JBHT US,20304020,Industrials,Transportation,Road & Rail,Trucking,NASDAQ,US4456581077,ISIN,0.04372251
IEX US,20106020,Industrials,Capital Goods,Machinery,Industrial Machinery,NYSE,US45167R1041,ISIN,0.05345427
SWKS US,45301020,Information Technology,Semiconductors & Semiconductor Equipment,Semiconductors & Semiconductor Equipment,Semiconductors,NASDAQ,US83088M1027,ISIN,0.04927664
,35201010,Health Care,"Pharmaceuticals, Biotechnology & Life Sciences",Biotechnology,Biotechnology,NASDAQ,US45337C1027,ISIN,0.04492913
DLR US,60101080,Real Estate,Real Estate,Equity Real Estate Investment Trusts (REITs),Specialized REITs,NYSE,US2538681030,ISIN,0.09198933
AME US,20104010,Industrials,Capital Goods,Electrical Equipment,Electrical Components & Equipment,NYSE,US0311001004,ISIN,0.09945446
TECH US,35203010,Health Care,"Pharmaceuticals, Biotechnology & Life Sciences",Life Sciences Tools & Services,Life Sciences Tools & Services,NASDAQ,US09073M1045,ISIN,0.03800043
ATO US,55102010,Utilities,Utilities,Gas Utilities,Gas Utilities,NYSE,US0495601058,ISIN,0.04773084
AZO US,25504050,Consumer Discretionary,Retailing,Specialty Retail,Automotive Retail,NYSE,US0533321024,ISIN,0.13389493
AVY US,15103020,Materials,Materials,Containers & Packaging,Paper Packaging,NYSE,US0536111091,ISIN,0.04691525
UDR US,60101060,Real Estate,Real Estate,Equity Real Estate Investment Trusts (REITs),Residential REITs,NYSE,US9026531049,ISIN,0.03708173
ENPH US,45301010,Information Technology,Semiconductors & Semiconductor Equipment,Semiconductors & Semiconductor Equipment,Semiconductor Equipment,NASDAQ,US29355A1079,ISIN,0.10217991
FITB US,40101015,Financials,Banks,Banks,Regional Banks,NASDAQ,US3167731005,ISIN,0.07010489
CMG US,25301040,Consumer Discretionary,Consumer Services,"Hotels, Restaurants & Leisure",Restaurants,NYSE,US1696561059,ISIN,0.12878454
HAL US,10101020,Energy,Energy,Energy Equipment & Services,Oil & Gas Equipment & Services,NYSE,US4062161017,ISIN,0.11563667
HON US,20105010,Industrials,Capital Goods,Industrial Conglomerates,Industrial Conglomerates,NASDAQ,US4385161066,ISIN,0.42726412
BR US,45102020,Information Technology,Software & Services,IT Services,Data Processing & Outsourced Services,NYSE,US11133T1034,ISIN,0.0511316
MMM US,20105010,Industrials,Capital Goods,Industrial Conglomerates,Industrial Conglomerates,NYSE,US88579Y1010,ISIN,0.20953126
ZTS US,35202010,Health Care,"Pharmaceuticals, Biotechnology & Life Sciences",Pharmaceuticals,Pharmaceuticals,NYSE,US98978V1035,ISIN,0.22268765
ETSY US,25502020,Consumer Discretionary,Retailing,Internet & Direct Marketing Retail,Internet & Direct Marketing Retail,NASDAQ,,CUSIP,0.04986942
KIM US,60101070,Real Estate,Real Estate,Equity Real Estate Investment Trusts (REITs),Retail REITs,NYSE,US49446R1095,ISIN,0.04064796
CVS US,35102015,Health Care,Health Care Equipment & Services,Health Care Providers & Services,Health Care Services,NYSE,US1266501006,ISIN,0.35161556
BHGE US,10101020,Energy,Energy,Energy Equipment & Services,Oil & Gas Equipment & Services,NASDAQ,,CUSIP,0.09439819
TFC US,40101015,Financials,Banks,Banks,Regional Banks,NYSE,US89832Q1094,ISIN,0.18731299
SBUX US,25301040,Consumer Discretionary,Consumer Services,"Hotels, Restaurants & Leisure",Restaurants,NASDAQ,US8552441094,ISIN,0.3669136
CPT US,60101060,Real Estate,Real Estate,Equity Real Estate Investment Trusts (REITs),Residential REITs,NYSE,US1331311027,ISIN,0.03755603
PRU US,40301020,Financials,Insurance,Insurance,Life & Health Insurance,NYSE,US7443201022,ISIN,0.11137941
EA US,50202020,Communication Services,Media & Entertainment,Entertainment,Interactive Home Entertainment,NASDAQ,US2855121099,ISIN,0.09714492
GOOG US,50203010,Communication Services,Media & Entertainment,Interactive Media & Services,Interactive Media & Services,NASDAQ,US02079K1079,ISIN,1.46111881
GOOGL US,50203010,Communication Services,Media & Entertainment,Interactive Media & Services,Interactive Media & Services,NASDAQ,US02079K3059,ISIN,1.63270449
PKG US,15103020,Materials,Materials,Containers & Packaging,Paper Packaging,NYSE,US6951561090,ISIN,0.03698916
ROST US,25504010,Consumer Discretionary,Retailing,Specialty Retail,Apparel Retail,NASDAQ,US7782961038,ISIN,0.12445489
WYNN US,25301010,Consumer Discretionary,Consumer Services,"Hotels, Restaurants & Leisure",Casinos & Gaming,NASDAQ,US9831341071,ISIN,0.03026127
HOLX US,35101010,Health Care,Health Care Equipment & Services,Health Care Equipment & Supplies,Health Care Equipment,NASDAQ,US4364401012,ISIN,0.05939874
XYL US,20106020,Industrials,Capital Goods,Machinery,Industrial Machinery,NYSE,US98419M1009,ISIN,0.0625976
MA US,45102020,Information Technology,Software & Services,IT Services,Data Processing & Outsourced Services,NYSE,US57636Q1040,ISIN,0.9531732
META US,50203010,Communication Services,Media & Entertainment,Interactive Media & Services,Interactive Media & Services,NASDAQ,US30303M1027,ISIN,0.91139853
HRL US,30202030,Consumer Staples,"Food, Beverage & Tobacco",Food Products,Packaged Foods & Meats,NYSE,US4404521001,ISIN,0.04017608
,25504040,Consumer Discretionary,Retailing,Specialty Retail,Specialty Stores,NYSE,,CUSIP,0.03137343
IFF US,15101050,Materials,Materials,Chemicals,Specialty Chemicals,NYSE,US4595061015,ISIN,0.08900028
STE US,35101010,Health Care,Health Care Equipment & Services,Health Care Equipment & Supplies,Health Care Equipment,NYSE,IE00BFY8C754,ISIN,0.05974366
LUV US,20302010,Industrials,Transportation,Airlines,Airlines,NYSE,US8447411088,ISIN,0.06585184
MPC US,10102030,Energy,Energy,"Oil, Gas & Consumable Fuels",Oil & Gas Refining & Marketing,NYSE,US56585A1025,ISIN,0.1708799
HII US,20101010,Industrials,Capital Goods,Aerospace & Defense,Aerospace & Defense,NYSE,US4464131063,ISIN,0.02647159
BF/B US,30201020,Consumer Staples,"Food, Beverage & Tobacco",Beverages,Distillers & Vintners,NYSE,US1156372096,ISIN,0.03723128
KO US,30201030,Consumer Staples,"Food, Beverage & Tobacco",Beverages,Soft Drinks,NYSE,US1912161007,ISIN,0.71881304
TGT US,25503020,Consumer Discretionary,Retailing,Multiline Retail,General Merchandise Stores,NYSE,US87612E1064,ISIN,0.22339886
EXR US,60101080,Real Estate,Real Estate,Equity Real Estate Investment Trusts (REITs),Specialized REITs,NYSE,US30225T1025,ISIN,0.06139302
TTWO US,50202020,Communication Services,Media & Entertainment,Entertainment,Interactive Home Entertainment,NASDAQ,US8740541094,ISIN,0.04937912
NOC US,20101010,Industrials,Capital Goods,Aerospace & Defense,Aerospace & Defense,NYSE,US6668071029,ISIN,0.19735463
NDAQ US,40203040,Financials,Diversified Financials,Capital Markets,Financial Exchanges & Data,NASDAQ,US6311031081,ISIN,0.06432114
HLT US,25301020,Consumer Discretionary,Consumer Services,"Hotels, Restaurants & Leisure","Hotels, Resorts & Cruise Lines",NYSE,,CUSIP,0.11028938
SPGI US,40203040,Financials,Diversified Financials,Capital Markets,Financial Exchanges & Data,NYSE,US78409V1044,ISIN,0.3663423
DVA US,35102015,Health Care,Health Care Equipment & Services,Health Care Providers & Services,Health Care Services,NYSE,US23918K1088,ISIN,0.01301242
UPS US,20301010,Industrials,Transportation,Air Freight & Logistics,Air Freight & Logistics,NYSE,US9113121068,ISIN,0.39116614
COP US,10102020,Energy,Energy,"Oil, Gas & Consumable Fuels",Oil & Gas Exploration & Production,NYSE,US20825C1045,ISIN,0.44862515
TXN US,45301020,Information Technology,Semiconductors & Semiconductor Equipment,Semiconductors & Semiconductor Equipment,Semiconductors,NASDAQ,US8825081040,ISIN,0.47665323
MO US,30203010,Consumer Staples,"Food, Beverage & Tobacco",Tobacco,Tobacco,NYSE,US02209S1033,ISIN,0.24234035
XOM US,10102010,Energy,Energy,"Oil, Gas & Consumable Fuels",Integrated Oil & Gas,NYSE,US30231G1022,ISIN,1.39257449
KLAC US,45301010,Information Technology,Semiconductors & Semiconductor Equipment,Semiconductors & Semiconductor Equipment,Semiconductor Equipment,NASDAQ,US4824801009,ISIN,0.1765054
AIZ US,40301030,Financials,Insurance,Insurance,Multi-line Insurance,NYSE,US04621X1081,ISIN,0.0202484
LHX US,20101010,Industrials,Capital Goods,Aerospace & Defense,Aerospace & Defense,NYSE,US5024311095,ISIN,0.1109737
EBAY US,25502020,Consumer Discretionary,Retailing,Internet & Direct Marketing Retail,Internet & Direct Marketing Retail,NASDAQ,US2786421030,ISIN,0.07599521
WBA US,30101010,Consumer Staples,Food & Staples Retailing,Food & Staples Retailing,Drug Retail,NASDAQ,,CUSIP,0.07808319
PH US,20106020,Industrials,Capital Goods,Machinery,Industrial Machinery,NYSE,US7010941042,ISIN,0.12100066
SPG US,60101070,Real Estate,Real Estate,Equity Real Estate Investment Trusts (REITs),Retail REITs,NYSE,US8288061091,ISIN,0.12239041
A US,35203010,Health Care,"Pharmaceuticals, Biotechnology & Life Sciences",Life Sciences Tools & Services,Life Sciences Tools & Services,NYSE,US00846U1016,ISIN,0.13775099
TT US,20102010,Industrials,Capital Goods,Building Products,Building Products,NYSE,IE00BK9ZQ967,ISIN,0.1239492
AEE US,55103010,Utilities,Utilities,Multi-Utilities,Multi-Utilities,NYSE,US0236081024,ISIN,0.06907946
INTU US,45103010,Information Technology,Software & Services,Software,Application Software,NASDAQ,US4612021034,ISIN,0.32932749
KMX US,25504050,Consumer Discretionary,Retailing,Specialty Retail,Automotive Retail,NYSE,US1431301027,ISIN,0.0319086
GL US,40301020,Financials,Insurance,Insurance,Life & Health Insurance,NYSE,,CUSIP,0.03265555
EVRG US,55101010,Utilities,Utilities,Electric Utilities,Electric Utilities,NASDAQ,,CUSIP,0.043004
DUK US,55101010,Utilities,Utilities,Electric Utilities,Electric Utilities,NYSE,US26441C2044,ISIN,0.24030853
EMR US,20104010,Industrials,Capital Goods,Electrical Equipment,Electrical Components & Equipment,NYSE,US2910111044,ISIN,0.16154184
EOG US,10102020,Energy,Energy,"Oil, Gas & Consumable Fuels",Oil & Gas Exploration & Production,NYSE,US26875P1012,ISIN,0.22875017
HD US,25504030,Consumer Discretionary,Retailing,Specialty Retail,Home Improvement Retail,NYSE,US4370761029,ISIN,1.00398375
MET US,40301020,Financials,Insurance,Insurance,Life & Health Insurance,NYSE,US59156R1086,ISIN,0.14123873
FLT US,45102020,Information Technology,Software & Services,IT Services,Data Processing & Outsourced Services,NYSE,,CUSIP,0.04299635
ULTA US,25504040,Consumer Discretionary,Retailing,Specialty Retail,Specialty Stores,NASDAQ,US90384S3031,ISIN,0.07585518
DPZ US,25301040,Consumer Discretionary,Consumer Services,"Hotels, Restaurants & Leisure",Restaurants,NYSE,US25754A2015,ISIN,0.03648221
KEY US,40101015,Financials,Banks,Banks,Regional Banks,NYSE,US4932671088,ISIN,0.05034013
KEYS US,45203010,Information Technology,Technology Hardware & Equipment,"Electronic Equipment, Instruments & Components",Electronic Equipment & Instruments,NYSE,US49338L1035,ISIN,0.09902104
L US,40301040,Financials,Insurance,Insurance,Property & Casualty Insurance,NYSE,US5404241086,ISIN,0.03502037
MRO US,10102020,Energy,Energy,"Oil, Gas & Consumable Fuels",Oil & Gas Exploration & Production,NYSE,US5658491064,ISIN,0.05096205
EPAM US,45102010,Information Technology,Software & Services,IT Services,IT Consulting & Other Services,NYSE,US29414B1044,ISIN,0.06158739
CE US,15101050,Materials,Materials,Chemicals,Specialty Chemicals,NYSE,,CUSIP,0.03586375
PM US,30203010,Consumer Staples,"Food, Beverage & Tobacco",Tobacco,Tobacco,NYSE,US7181721090,ISIN,0.46988263
MRNA US,35201010,Health Care,"Pharmaceuticals, Biotechnology & Life Sciences",Biotechnology,Biotechnology,NASDAQ,,CUSIP,0.18864834
WAB US,20106010,Industrials,Capital Goods,Machinery,Construction Machinery & Heavy Trucks,NYSE,US9297401088,ISIN,0.05621524
CSCO US,45201020,Information Technology,Technology Hardware & Equipment,Communications Equipment,Communications Equipment,NASDAQ,US17275R1023,ISIN,0.59111501
NTAP US,45202030,Information Technology,Technology Hardware & Equipment,"Technology Hardware, Storage & Peripherals","Technology Hardware, Storage & Peripherals",NASDAQ,US64110D1046,ISIN,0.0421558
CPRT US,20201070,Industrials,Commercial and Professional Services,Commercial Services & Supplies,Diversified Support Services,NASDAQ,US2172041061,ISIN,0.08096486
DLTR US,25503020,Consumer Discretionary,Retailing,Multiline Retail,General Merchandise Stores,NASDAQ,US2567461080,ISIN,0.09311385
RL US,25203010,Consumer Discretionary,Consumer Durables & Apparel,"Textiles, Apparel & Luxury Goods","Apparel, Accessories & Luxury Goods",NYSE,US7512121010,ISIN,0.01467472
GWW US,20107010,Industrials,Capital Goods,Trading Companies & Distributors,Trading Companies & Distributors,NYSE,US3848021040,ISIN,0.07697824
PSA US,60101080,Real Estate,Real Estate,Equity Real Estate Investment Trusts (REITs),Specialized REITs,NYSE,US74460D1090,ISIN,0.13801948
SBNY US,40101015,Financials,Banks,Banks,Regional Banks,NASDAQ,US82669G1040,ISIN,0.02283284
RF US,40101015,Financials,Banks,Banks,Regional Banks,NYSE,US7591EP1005,ISIN,0.0627589
IBM US,45102010,Information Technology,Software & Services,IT Services,IT Consulting & Other Services,NYSE,US4592001014,ISIN,0.3930588
NWSA US,50201040,Communication Services,Media & Entertainment,Media,Publishing,NASDAQ,US65249B1098,ISIN,0.02206154
NFLX US,50202010,Communication Services,Media & Entertainment,Entertainment,Movies & Entertainment,NASDAQ,US64110L1061,ISIN,0.43469233
TDY US,45203010,Information Technology,Technology Hardware & Equipment,"Electronic Equipment, Instruments & Components",Electronic Equipment & Instruments,NYSE,US8793601050,ISIN,0.05837919
USB US,40101010,Financials,Banks,Banks,Diversified Banks,NYSE,US9029733048,ISIN,0.19206358
CTLT US,35202010,Health Care,"Pharmaceuticals, Biotechnology & Life Sciences",Pharmaceuticals,Pharmaceuticals,NYSE,US1488061029,ISIN,0.02584382
ADM US,30202010,Consumer Staples,"Food, Beverage & Tobacco",Food Products,Agricultural Products,NYSE,US0394831020,ISIN,0.14489552
BK US,40203010,Financials,Diversified Financials,Capital Markets,Asset Management & Custody Banks,NYSE,US0640581007,ISIN,0.10941495
UNH US,35102030,Health Care,Health Care Equipment & Services,Health Care Providers & Services,Managed Health Care,NYSE,US91324P1021,ISIN,1.35710784
WEC US,55103010,Utilities,Utilities,Multi-Utilities,Multi-Utilities,NYSE,,CUSIP,0.08976524
FSLR US,45301020,Information Technology,Semiconductors & Semiconductor Equipment,Semiconductors & Semiconductor Equipment,Semiconductors,NASDAQ,US3364331070,ISIN,0.05272292
CMI US,20106010,Industrials,Capital Goods,Machinery,Construction Machinery & Heavy Trucks,NYSE,US2310211063,ISIN,0.10520156
GM US,25102010,Consumer Discretionary,Automobiles & Components,Automobiles,Automobile Manufacturers,NYSE,US37045V1008,ISIN,0.15573745
NVDA US,45301020,Information Technology,Semiconductors & Semiconductor Equipment,Semiconductors & Semiconductor Equipment,Semiconductors,NASDAQ,US67066G1040,ISIN,1.31981648
TFX US,35101010,Health Care,Health Care Equipment & Services,Health Care Equipment & Supplies,Health Care Equipment,NYSE,US8793691069,ISIN,0.03386238
LOW US,25504030,Consumer Discretionary,Retailing,Specialty Retail,Home Improvement Retail,NYSE,US5486611073,ISIN,0.38940345
UHS US,35102020,Health Care,Health Care Equipment & Services,Health Care Providers & Services,Health Care Facilities,NYSE,US9139031002,ISIN,0.02815281
NVR US,25201030,Consumer Discretionary,Consumer Durables & Apparel,Household Durables,Homebuilding,NYSE,US62944T1051,ISIN,0.04488515
CLX US,30301010,Consumer Staples,Household & Personal Products,Household Products,Household Products,NYSE,US1890541097,ISIN,0.05467472
RE US,40301050,Financials,Insurance,Insurance,Reinsurance,NYSE,BMG3223R1088,ISIN,0.04065428
HCA US,35102020,Health Care,Health Care Equipment & Services,Health Care Providers & Services,Health Care Facilities,NYSE,,CUSIP,0.16400726
SYY US,30101020,Consumer Staples,Food & Staples Retailing,Food & Staples Retailing,Food Distributors,NYSE,US8718291078,ISIN,0.12119501
YUM US,25301040,Consumer Discretionary,Consumer Services,"Hotels, Restaurants & Leisure",Restaurants,NYSE,US9884981013,ISIN,0.10992706
PEG US,55103010,Utilities,Utilities,Multi-Utilities,Multi-Utilities,NYSE,US7445731067,ISIN,0.09397223
LRCX US,45301010,Information Technology,Semiconductors & Semiconductor Equipment,Semiconductors & Semiconductor Equipment,Semiconductor Equipment,NASDAQ,US5128071082,ISIN,0.19233178
ADSK US,45103010,Information Technology,Software & Services,Software,Application Software,NASDAQ,US0527691069,ISIN,0.12972073
ETN US,20104010,Industrials,Capital Goods,Electrical Equipment,Electrical Components & Equipment,NYSE,IE00B8KQN827,ISIN,0.19340167
LKQ US,25501010,Consumer Discretionary,Retailing,Distributors,Distributors,NASDAQ,US5018892084,ISIN,0.04399617
DOW US,15101010,Materials,Materials,Chemicals,Commodity Chemicals,NYSE,US2605571031,ISIN,0.12095608
NEE US,55101010,Utilities,Utilities,Electric Utilities,Electric Utilities,NYSE,US65339F1012,ISIN,0.51016311
PLD US,60101020,Real Estate,Real Estate,Equity Real Estate Investment Trusts (REITs),Industrial REITs,NYSE,US74340W1036,ISIN,0.33559815
BIIB US,35201010,Health Care,"Pharmaceuticals, Biotechnology & Life Sciences",Biotechnology,Biotechnology,NASDAQ,US09062X1037,ISIN,0.12486506
MGM US,25301010,Consumer Discretionary,Consumer Services,"Hotels, Restaurants & Leisure",Casinos & Gaming,NYSE,,CUSIP,0.0371924
TMO US,35203010,Health Care,"Pharmaceuticals, Biotechnology & Life Sciences",Life Sciences Tools & Services,Life Sciences Tools & Services,NYSE,US8835561023,ISIN,0.69034937
LVS US,25301010,Consumer Discretionary,Consumer Services,"Hotels, Restaurants & Leisure",Casinos & Gaming,NYSE,US5178341070,ISIN,0.05357299
HST US,60101030,Real Estate,Real Estate,Equity Real Estate Investment Trusts (REITs),Hotel & Resort REITs,NASDAQ,US44107P1049,ISIN,0.03727466